"id_sim","varianza_pca","k","silueta","inercia_total","criterio_k"
"SIM_20250901_145025",0.519339644423185,3,0.3769931239876,875.439825351215,"mixto"
"SIM_20250901_145624",0.519339644423185,3,0.3769931239876,875.439825351215,"mixto"
"SIM_20250901_145729",0.519339644423185,3,0.3769931239876,875.439825351215,"mixto"
"SIM_20250901_153652",0.519339644423185,3,0.3769931239876,875.439825351215,"mixto"
"SIM_20250901_153737",0.519339644423185,3,0.3769931239876,875.439825351215,"mixto"
