"id_sim","varianza_pca","k","silueta","inercia_total","criterio_k"
"SIM_20250918_175510",0.519339644423185,3,0.3769931239876,875.439825351215,"mixto"
"SIM_20250918_180320",0.519339644423185,3,0.3769931239876,875.439825351215,"mixto"
"SIM_20250918_180654",0.519339644423185,3,0.3769931239876,875.439825351215,"mixto"
"SIM_20250918_181340",0.519339644423185,3,0.3769931239876,875.439825351215,"mixto"
"SIM_20250918_183331",0.519339644423185,3,0.3769931239876,875.439825351215,"mixto"
"SIM_20250918_184515",0.519339644423185,3,0.3769931239876,875.439825351215,"mixto"
"SIM_20250918_185227",0.519339644423185,3,0.3769931239876,875.439825351215,"mixto"
"SIM_20250918_192540",0.519339644423185,3,0.3769931239876,875.439825351215,"mixto"
"SIM_20250918_193412",0.519339644423185,3,0.3769931239876,875.439825351215,"mixto"
